<?xml version="1.0" encoding="utf-8"?>
<odoo>
    <!-- Module Category -->
    <record model="ir.module.category" id="module_category_sh_law_erp">
        <field name="name">Law Firm Management</field>
        <field name="description">Helps you manage your law Firm for review of different-different users.</field>
        <field name="sequence">20</field>
    </record>

    <record model="res.groups" id="group_sh_law_erp_user">
        <field name="name">User</field>
        <field name="category_id" ref="module_category_sh_law_erp" />
        <field name="implied_ids" eval="[ (4, ref('base.group_user')), (4, ref('account.group_account_invoice')) ]" />
    </record>

    <!-- Law Manager Group-->
    <record model="res.groups" id="group_sh_law_erp_manager">
        <field name="name">Manager</field>
        <field name="category_id" ref="module_category_sh_law_erp" />
        <field name="implied_ids" eval="[ (4, ref('group_sh_law_erp_user')), (4, ref('hr.group_hr_user')) ]" />
        <field name="users" eval="[(4, ref('base.user_root')), (4, ref('base.user_admin'))]" />
    </record>

    <!-- Record Rule for Manager -->
    <record model="ir.rule" id="ir_rule_sh_law_matter_manager">
        <field name="name">Matter Manager</field>
        <field name="model_id" ref="model_sh_law_matter" />
        <field name="domain_force">[(1,'=',1)]</field>
        <field name="groups" eval="[(4, ref('sh_law_erp.group_sh_law_erp_manager'))]" />
    </record>

    <record model="ir.rule" id="ir_rule_sh_law_erp_evidence_manager">
        <field name="name">Evidence Manager</field>
        <field name="model_id" ref="model_sh_law_erp_evidence" />
        <field name="domain_force">[(1,'=',1)]</field>
        <field name="groups" eval="[(4, ref('sh_law_erp.group_sh_law_erp_manager'))]" />
    </record>

    <record model="ir.rule" id="ir_rule_sh_law_erp_trial_manager">
        <field name="name">Trials Manager</field>
        <field name="model_id" ref="model_sh_law_erp_trial" />
        <field name="domain_force">[(1,'=',1)]</field>
        <field name="groups" eval="[(4, ref('sh_law_erp.group_sh_law_erp_manager'))]" />
    </record>

    <!-- Record Rule for User -->
    <record model="ir.rule" id="ir_rule_sh_law_matter_user">
        <field name="name">Matter User</field>
        <field name="model_id" ref="model_sh_law_matter" />
        <field name="domain_force">['|', ('lawyer.user_id','=',user.id),('lawyer','=',False)]</field>
        <field name="groups" eval="[(4, ref('sh_law_erp.group_sh_law_erp_user'))]" />
    </record>

    <record model="ir.rule" id="ir_rule_sh_law_erp_evidence_user">
        <field name="name">Evidence User</field>
        <field name="model_id" ref="model_sh_law_erp_evidence" />
        <field name="domain_force">['|', ('matter_id.lawyer.user_id','=',user.id),('matter_id.lawyer','=',False)]</field>
        <field name="groups" eval="[(4, ref('sh_law_erp.group_sh_law_erp_user'))]" />
    </record>

    <record model="ir.rule" id="ir_rule_sh_law_erp_trial_user">
        <field name="name">Trials User</field>
        <field name="model_id" ref="model_sh_law_erp_trial" />
        <field name="domain_force">['|', ('matter.lawyer.user_id','=',user.id),('matter.lawyer','=',False)]</field>
        <field name="groups" eval="[(4, ref('sh_law_erp.group_sh_law_erp_user'))]" />
    </record>
</odoo>
